Reference, Value, Footprint, Datasheet, Arrow Part Number, Arrow Price/Stock, Description, Height, Manufacturer_Name, Manufacturer_Part_Number, Mouser Part Number, Mouser Price/Stock, MANUFACTURER, MAXIMUM_PACKAGE_HEIGHT, PARTREV, STANDARD
"IC1","ATMEGA328PB-AN","SamacSys_Parts:QFP80P900X900X120-32N","http://ww1.microchip.com/downloads/en/DeviceDoc/40001906C.pdf","ATMEGA328PB-AN","https://www.arrow.com/en/products/atmega328pb-an/microchip-technology?region=nac","MCU 8-bit ATmega AVR RISC 32KB Flash 2.5V/3.3V/5V 32-Pin TQFP Tray","1.2","Microchip","ATMEGA328PB-AN","556-ATMEGA328PB-AN","https://www.mouser.co.uk/ProductDetail/Microchip-Technology-Atmel/ATMEGA328PB-AN?qs=jy4bLUHv09gDoS2J01KCIw%3D%3D","","","",""
"Y1","7.37MHz","SamacSys_Parts:ABLS373728MHZD4YT","~"
"C6","22pF","Capacitor_SMD:C_0402_1005Metric","~"
"C7","22pF","Capacitor_SMD:C_0402_1005Metric","~"
"R1","4K7","Resistor_SMD:R_0402_1005Metric","~"
"C1","1uF","Capacitor_SMD:C_0402_1005Metric","~"
"D1","D","SamacSys_Parts:FDLL4448","~"
"D2","D_Zener","SamacSys_Parts:SOD3716X145N","~"
"R2","4K7","Resistor_SMD:R_0402_1005Metric","~"
"C3","1uF","Capacitor_Tantalum_SMD:CP_EIA-3216-18_Kemet-A","~"
"C2","10nF","Capacitor_SMD:C_0402_1005Metric","~"
"L1","10uH","Inductor_SMD:L_1206_3216Metric","~"
"C5","100nF","Capacitor_SMD:C_0402_1005Metric","~"
"C4","100nF","Capacitor_SMD:C_0402_1005Metric","~"
"IC2","TPS7B6933QDCYRQ1","SamacSys_Parts:SOT230P700X180-4N","http://www.ti.com/lit/gpn/tps7b69-q1","TPS7B6933QDCYRQ1","https://www.arrow.com/en/products/tps7b6933qdcyrq1/texas-instruments?region=nac","Automotive high-voltage ultra-low-IQ low-dropout (LDO) regulator","1.8","Texas Instruments","TPS7B6933QDCYRQ1","595-TPS7B6933QDCYRQ1","https://www.mouser.co.uk/ProductDetail/Texas-Instruments/TPS7B6933QDCYRQ1?qs=n7vHx8wJlDFhZtwB3Bp8yQ%3D%3D","","","",""
"C10","4.7uF10V","Capacitor_SMD:C_1206_3216Metric","~"
"D3","B5819W-TP","SamacSys_Parts:SOD3716X135N","https://www.mccsemi.com/pdf/Products/B5817W-B5819W(SOD-123).pdf","B5819W-TP","https://www.arrow.com/en/products/b5819w-tp/micro-commercial-components","Schottky Diodes & Rectifiers 1A, 40V","1.35","Micro Commercial Components (MCC)","B5819W-TP","833-B5819W-TP","https://www.mouser.co.uk/ProductDetail/Micro-Commercial-Components-MCC/B5819W-TP?qs=JeAkOuORR2UynazlTTFg%252BA%3D%3D","","","",""
"D4","D_TVS","Diode_SMD:D_SOD-323","~"
"RV1","Varistor","SamacSys_Parts:VARC3216X145N","~"
"C8","10uF35V","SamacSys_Parts:CAPPM3528X210N","~"
"C9","0.1uF35V","Capacitor_SMD:C_1206_3216Metric","~"
"R3","100K","Resistor_SMD:R_0402_1005Metric","~"
"R14","4K7","Resistor_SMD:R_0402_1005Metric","~"
"FB1","74279218","SamacSys_Parts:BEADC3216X130N","https://www.mouser.com/ds/2/445/74279218-538144.pdf","","","SMD EMI Suppression Ferrite Beads WE-CBF","1.3","Wurth Elektronik","74279218","710-74279218","https://www.mouser.co.uk/ProductDetail/Wurth-Elektronik/74279218?qs=5twSNpOB8ICwN%252BACnttrcA%3D%3D","","","",""
"IC3","MAX3072EASA+","SamacSys_Parts:SOIC127P600X175-8N","https://www.mouser.com/datasheet/2/256/MAX3077E-1389172.pdf","","","Maxim MAX3072EASA+, Line Transceiver, RS-422/ RS-485 4-RX, 3.3 V, 8-Pin SOIC","1.75","Maxim Integrated","MAX3072EASA+","700-MAX3072EASA","https://www.mouser.co.uk/ProductDetail/Maxim-Integrated/MAX3072EASA%2b?qs=1THa7WoU59FSZNeNpoTqlw%3D%3D","","","",""
"C11","100nF","Capacitor_SMD:C_0402_1005Metric","~"
"C12","4.7uF","Capacitor_SMD:C_0402_1005Metric","~"
"D5","D_TVS","Diode_SMD:D_SOD-323","~"
"FB2","74279218","SamacSys_Parts:BEADC3216X130N","https://www.mouser.com/ds/2/445/74279218-538144.pdf","","","SMD EMI Suppression Ferrite Beads WE-CBF","1.3","Wurth Elektronik","74279218","710-74279218","https://www.mouser.co.uk/ProductDetail/Wurth-Elektronik/74279218?qs=5twSNpOB8ICwN%252BACnttrcA%3D%3D","","","",""
"U1","PSM712-LF-T7","SamacSys_Parts:PSM712LFT7","https://www.arrow.com/en/products/psm712-lf-t7/protek-devices","PSM712-LF-T7","https://www.arrow.com/en/products/psm712-lf-t7/protek-devices","ESD Suppressor TVS Bi-Dir 12V/7V 3-Pin SOT-23 T/R","1.21","ProTek Devices","PSM712-LF-T7","","","","","",""
"H1","MountingHole","TestPoint:TestPoint_Plated_Hole_D3.0mm","~"
"H4","MountingHole","TestPoint:TestPoint_Plated_Hole_D3.0mm","~"
"H2","MountingHole","TestPoint:TestPoint_Plated_Hole_D3.0mm","~"
"H3","MountingHole","TestPoint:TestPoint_Plated_Hole_D3.0mm","~"
"RT1","PRG21BC4R7MM1RA","Snapeda:THRMC2012X110N","","","","","","","","","","Murata","1.10mm","N/A","IPC-7351B"
"IC4","LTV-206","SamacSys_Parts:SOIC127P610X363-8N","https://media.digikey.com/pdf/Data%20Sheets/Lite-On%20PDFs/LTV-20x.pdf","","","Transistor Output Optocouplers SO8 63-125% 3.75KV 2CH Optocoupler","3.63","Lite-On","LTV-206","859-LTV-206","https://www.mouser.co.uk/ProductDetail/Lite-On/LTV-206?qs=9ayhpukWNmuuBqjslh8etg%3D%3D","","","",""
"Q1","BC547","Package_TO_SOT_SMD:SOT-23","https://www.onsemi.com/pub/Collateral/BC550-D.pdf"
"R6","10K","Resistor_SMD:R_0402_1005Metric","~"
"R7","10K","Resistor_SMD:R_0402_1005Metric","~"
"C13","100nF","Capacitor_SMD:C_0402_1005Metric","~"
"R8","1.2K","Resistor_SMD:R_0402_1005Metric","~"
"TP1","TestPoint","TestPoint:TestPoint_THTPad_1.0x1.0mm_Drill0.5mm","~"
"TP2","TestPoint","TestPoint:TestPoint_THTPad_1.0x1.0mm_Drill0.5mm","~"
"Q2","BC547","Package_TO_SOT_SMD:SOT-23","https://www.onsemi.com/pub/Collateral/BC550-D.pdf"
"R9","10K","Resistor_SMD:R_0402_1005Metric","~"
"R10","10K","Resistor_SMD:R_0402_1005Metric","~"
"C14","100nF","Capacitor_SMD:C_0402_1005Metric","~"
"R11","1.2K","Resistor_SMD:R_0402_1005Metric","~"
"TP3","TestPoint","TestPoint:TestPoint_THTPad_1.0x1.0mm_Drill0.5mm","~"
"TP4","TestPoint","TestPoint:TestPoint_THTPad_1.0x1.0mm_Drill0.5mm","~"
"R12","1K","Resistor_SMD:R_0402_1005Metric","~"
"R13","1K","Resistor_SMD:R_0402_1005Metric","~"
"J1","Conn_01x06_Male","Connector_PinSocket_2.54mm:PinSocket_1x06_P2.54mm_Vertical","~"
"IC5","LTV-206","SamacSys_Parts:SOIC127P610X363-8N","https://media.digikey.com/pdf/Data%20Sheets/Lite-On%20PDFs/LTV-20x.pdf","","","Transistor Output Optocouplers SO8 63-125% 3.75KV 2CH Optocoupler","3.63","Lite-On","LTV-206","859-LTV-206","https://www.mouser.co.uk/ProductDetail/Lite-On/LTV-206?qs=9ayhpukWNmuuBqjslh8etg%3D%3D","","","",""
"TP5","TestPoint","TestPoint:TestPoint_THTPad_1.0x1.0mm_Drill0.5mm","~"
"TP6","TestPoint","TestPoint:TestPoint_THTPad_1.0x1.0mm_Drill0.5mm","~"
"TP7","TestPoint","TestPoint:TestPoint_THTPad_1.0x1.0mm_Drill0.5mm","~"
"TP8","TestPoint","TestPoint:TestPoint_THTPad_1.0x1.0mm_Drill0.5mm","~"
"R5","330","Resistor_SMD:R_0402_1005Metric","~"
"R4","330","Resistor_SMD:R_0402_1005Metric","~"
"TP9","TestPoint","TestPoint:TestPoint_THTPad_1.0x1.0mm_Drill0.5mm","~"
"TP10","TestPoint","TestPoint:TestPoint_THTPad_1.0x1.0mm_Drill0.5mm","~"
"TP11","TestPoint","TestPoint:TestPoint_THTPad_1.0x1.0mm_Drill0.5mm","~"
"TP12","TestPoint","TestPoint:TestPoint_THTPad_1.0x1.0mm_Drill0.5mm","~"
"TP13","TestPoint","TestPoint:TestPoint_THTPad_1.0x1.0mm_Drill0.5mm","~"
"TP14","TestPoint","TestPoint:TestPoint_THTPad_1.0x1.0mm_Drill0.5mm","~"
"TP15","TestPoint","TestPoint:TestPoint_THTPad_1.0x1.0mm_Drill0.5mm","~"
"TP16","TestPoint","TestPoint:TestPoint_THTPad_1.0x1.0mm_Drill0.5mm","~"
"TP17","TestPoint","TestPoint:TestPoint_Pad_D1.0mm","~"
"TP18","TestPoint","TestPoint:TestPoint_Pad_D1.0mm","~"
"TP19","TestPoint","TestPoint:TestPoint_Pad_D1.0mm","~"
