<?xml version="1.0" encoding="UTF-8"?>
<export version="D">
  <design>
    <source>S:\KiCAD\Modbus_IO_Board\Modbus_IO_Board.sch</source>
    <date>20-Oct-21 4:07:43 PM</date>
    <tool>Eeschema (5.1.10)-1</tool>
    <sheet number="1" name="/" tstamps="/">
      <title_block>
        <title/>
        <company/>
        <rev/>
        <date/>
        <source>Modbus_IO_Board.sch</source>
        <comment number="1" value=""/>
        <comment number="2" value=""/>
        <comment number="3" value=""/>
        <comment number="4" value=""/>
      </title_block>
    </sheet>
  </design>
  <components>
    <comp ref="IC1">
      <value>ATMEGA328PB-AN</value>
      <footprint>SamacSys_Parts:QFP80P900X900X120-32N</footprint>
      <datasheet>http://ww1.microchip.com/downloads/en/DeviceDoc/40001906C.pdf</datasheet>
      <fields>
        <field name="Arrow Part Number">ATMEGA328PB-AN</field>
        <field name="Arrow Price/Stock">https://www.arrow.com/en/products/atmega328pb-an/microchip-technology?region=nac</field>
        <field name="Description">MCU 8-bit ATmega AVR RISC 32KB Flash 2.5V/3.3V/5V 32-Pin TQFP Tray</field>
        <field name="Height">1.2</field>
        <field name="Manufacturer_Name">Microchip</field>
        <field name="Manufacturer_Part_Number">ATMEGA328PB-AN</field>
        <field name="Mouser Part Number">556-ATMEGA328PB-AN</field>
        <field name="Mouser Price/Stock">https://www.mouser.co.uk/ProductDetail/Microchip-Technology-Atmel/ATMEGA328PB-AN?qs=jy4bLUHv09gDoS2J01KCIw%3D%3D</field>
      </fields>
      <libsource lib="SamacSys_Parts" part="ATMEGA328PB-AN" description="MCU 8-bit ATmega AVR RISC 32KB Flash 2.5V/3.3V/5V 32-Pin TQFP Tray"/>
      <sheetpath names="/" tstamps="/"/>
      <tstamp>6154F263</tstamp>
    </comp>
    <comp ref="Y1">
      <value>7.37MHz</value>
      <footprint>SamacSys_Parts:ABLS373728MHZD4YT</footprint>
      <datasheet>~</datasheet>
      <libsource lib="Device" part="Crystal" description="Two pin crystal"/>
      <sheetpath names="/" tstamps="/"/>
      <tstamp>6154F27F</tstamp>
    </comp>
    <comp ref="C6">
      <value>22pF</value>
      <footprint>Capacitor_SMD:C_0402_1005Metric</footprint>
      <datasheet>~</datasheet>
      <libsource lib="Device" part="C" description="Unpolarized capacitor"/>
      <sheetpath names="/" tstamps="/"/>
      <tstamp>6154F28B</tstamp>
    </comp>
    <comp ref="C7">
      <value>22pF</value>
      <footprint>Capacitor_SMD:C_0402_1005Metric</footprint>
      <datasheet>~</datasheet>
      <libsource lib="Device" part="C" description="Unpolarized capacitor"/>
      <sheetpath names="/" tstamps="/"/>
      <tstamp>6154F291</tstamp>
    </comp>
    <comp ref="R1">
      <value>4K7</value>
      <footprint>Resistor_SMD:R_0402_1005Metric</footprint>
      <datasheet>~</datasheet>
      <libsource lib="Device" part="R_Small_US" description="Resistor, small US symbol"/>
      <sheetpath names="/" tstamps="/"/>
      <tstamp>6154F2A9</tstamp>
    </comp>
    <comp ref="C1">
      <value>1uF</value>
      <footprint>Capacitor_SMD:C_0402_1005Metric</footprint>
      <datasheet>~</datasheet>
      <libsource lib="Device" part="C" description="Unpolarized capacitor"/>
      <sheetpath names="/" tstamps="/"/>
      <tstamp>6154F2AF</tstamp>
    </comp>
    <comp ref="D1">
      <value>D</value>
      <footprint>SamacSys_Parts:FDLL4448</footprint>
      <datasheet>~</datasheet>
      <libsource lib="Device" part="D" description="Diode"/>
      <sheetpath names="/" tstamps="/"/>
      <tstamp>6154F2B5</tstamp>
    </comp>
    <comp ref="D2">
      <value>D_Zener</value>
      <footprint>SamacSys_Parts:SOD3716X145N</footprint>
      <datasheet>~</datasheet>
      <libsource lib="Device" part="D_Zener" description="Zener diode"/>
      <sheetpath names="/" tstamps="/"/>
      <tstamp>6154F2BB</tstamp>
    </comp>
    <comp ref="R2">
      <value>4K7</value>
      <footprint>Resistor_SMD:R_0402_1005Metric</footprint>
      <datasheet>~</datasheet>
      <libsource lib="Device" part="R_Small_US" description="Resistor, small US symbol"/>
      <sheetpath names="/" tstamps="/"/>
      <tstamp>6154F2F4</tstamp>
    </comp>
    <comp ref="C3">
      <value>1uF</value>
      <footprint>Capacitor_Tantalum_SMD:CP_EIA-3216-18_Kemet-A</footprint>
      <datasheet>~</datasheet>
      <libsource lib="Device" part="CP1_Small" description="Polarized capacitor, small US symbol"/>
      <sheetpath names="/" tstamps="/"/>
      <tstamp>6154F308</tstamp>
    </comp>
    <comp ref="C2">
      <value>10nF</value>
      <footprint>Capacitor_SMD:C_0402_1005Metric</footprint>
      <datasheet>~</datasheet>
      <libsource lib="Device" part="C_Small" description="Unpolarized capacitor, small symbol"/>
      <sheetpath names="/" tstamps="/"/>
      <tstamp>6154F30E</tstamp>
    </comp>
    <comp ref="L1">
      <value>10uH</value>
      <footprint>Inductor_SMD:L_1206_3216Metric</footprint>
      <datasheet>~</datasheet>
      <libsource lib="Device" part="L_Small" description="Inductor, small symbol"/>
      <sheetpath names="/" tstamps="/"/>
      <tstamp>6154F32A</tstamp>
    </comp>
    <comp ref="C5">
      <value>100nF</value>
      <footprint>Capacitor_SMD:C_0402_1005Metric</footprint>
      <datasheet>~</datasheet>
      <libsource lib="Device" part="C_Small" description="Unpolarized capacitor, small symbol"/>
      <sheetpath names="/" tstamps="/"/>
      <tstamp>6154F330</tstamp>
    </comp>
    <comp ref="C4">
      <value>100nF</value>
      <footprint>Capacitor_SMD:C_0402_1005Metric</footprint>
      <datasheet>~</datasheet>
      <libsource lib="Device" part="C_Small" description="Unpolarized capacitor, small symbol"/>
      <sheetpath names="/" tstamps="/"/>
      <tstamp>6154F344</tstamp>
    </comp>
    <comp ref="IC2">
      <value>TPS7B6933QDCYRQ1</value>
      <footprint>SamacSys_Parts:SOT230P700X180-4N</footprint>
      <datasheet>http://www.ti.com/lit/gpn/tps7b69-q1</datasheet>
      <fields>
        <field name="Arrow Part Number">TPS7B6933QDCYRQ1</field>
        <field name="Arrow Price/Stock">https://www.arrow.com/en/products/tps7b6933qdcyrq1/texas-instruments?region=nac</field>
        <field name="Description">Automotive high-voltage ultra-low-IQ low-dropout (LDO) regulator</field>
        <field name="Height">1.8</field>
        <field name="Manufacturer_Name">Texas Instruments</field>
        <field name="Manufacturer_Part_Number">TPS7B6933QDCYRQ1</field>
        <field name="Mouser Part Number">595-TPS7B6933QDCYRQ1</field>
        <field name="Mouser Price/Stock">https://www.mouser.co.uk/ProductDetail/Texas-Instruments/TPS7B6933QDCYRQ1?qs=n7vHx8wJlDFhZtwB3Bp8yQ%3D%3D</field>
      </fields>
      <libsource lib="SamacSys_Parts" part="TPS7B6933QDCYRQ1" description="Automotive high-voltage ultra-low-IQ low-dropout (LDO) regulator"/>
      <sheetpath names="/" tstamps="/"/>
      <tstamp>6154F368</tstamp>
    </comp>
    <comp ref="C10">
      <value>4.7uF10V</value>
      <footprint>Capacitor_SMD:C_1206_3216Metric</footprint>
      <datasheet>~</datasheet>
      <libsource lib="Device" part="C_Small" description="Unpolarized capacitor, small symbol"/>
      <sheetpath names="/" tstamps="/"/>
      <tstamp>6154F36E</tstamp>
    </comp>
    <comp ref="D3">
      <value>B5819W-TP</value>
      <footprint>SamacSys_Parts:SOD3716X135N</footprint>
      <datasheet>https://www.mccsemi.com/pdf/Products/B5817W-B5819W(SOD-123).pdf</datasheet>
      <fields>
        <field name="Arrow Part Number">B5819W-TP</field>
        <field name="Arrow Price/Stock">https://www.arrow.com/en/products/b5819w-tp/micro-commercial-components</field>
        <field name="Description">Schottky Diodes &amp; Rectifiers 1A, 40V</field>
        <field name="Height">1.35</field>
        <field name="Manufacturer_Name">Micro Commercial Components (MCC)</field>
        <field name="Manufacturer_Part_Number">B5819W-TP</field>
        <field name="Mouser Part Number">833-B5819W-TP</field>
        <field name="Mouser Price/Stock">https://www.mouser.co.uk/ProductDetail/Micro-Commercial-Components-MCC/B5819W-TP?qs=JeAkOuORR2UynazlTTFg%252BA%3D%3D</field>
      </fields>
      <libsource lib="SamacSys_Parts" part="B5819W-TP" description="Schottky Diodes &amp; Rectifiers 1A, 40V"/>
      <sheetpath names="/" tstamps="/"/>
      <tstamp>6154F39A</tstamp>
    </comp>
    <comp ref="D4">
      <value>D_TVS</value>
      <footprint>Diode_SMD:D_SOD-323</footprint>
      <datasheet>~</datasheet>
      <libsource lib="Device" part="D_TVS" description="Bidirectional transient-voltage-suppression diode"/>
      <sheetpath names="/" tstamps="/"/>
      <tstamp>6154F3A0</tstamp>
    </comp>
    <comp ref="RV1">
      <value>Varistor</value>
      <footprint>SamacSys_Parts:VARC3216X145N</footprint>
      <datasheet>~</datasheet>
      <libsource lib="Device" part="Varistor" description="Voltage dependent resistor"/>
      <sheetpath names="/" tstamps="/"/>
      <tstamp>6154F3A6</tstamp>
    </comp>
    <comp ref="C8">
      <value>10uF35V</value>
      <footprint>SamacSys_Parts:CAPPM3528X210N</footprint>
      <datasheet>~</datasheet>
      <libsource lib="Device" part="CP1_Small" description="Polarized capacitor, small US symbol"/>
      <sheetpath names="/" tstamps="/"/>
      <tstamp>6154F3AC</tstamp>
    </comp>
    <comp ref="C9">
      <value>0.1uF35V</value>
      <footprint>Capacitor_SMD:C_1206_3216Metric</footprint>
      <datasheet>~</datasheet>
      <libsource lib="Device" part="C_Small" description="Unpolarized capacitor, small symbol"/>
      <sheetpath names="/" tstamps="/"/>
      <tstamp>6154F3B2</tstamp>
    </comp>
    <comp ref="R3">
      <value>100K</value>
      <footprint>Resistor_SMD:R_0402_1005Metric</footprint>
      <datasheet>~</datasheet>
      <libsource lib="Device" part="R_Small_US" description="Resistor, small US symbol"/>
      <sheetpath names="/" tstamps="/"/>
      <tstamp>6154F3B8</tstamp>
    </comp>
    <comp ref="R14">
      <value>4K7</value>
      <footprint>Resistor_SMD:R_0402_1005Metric</footprint>
      <datasheet>~</datasheet>
      <libsource lib="Device" part="R_Small_US" description="Resistor, small US symbol"/>
      <sheetpath names="/" tstamps="/"/>
      <tstamp>6154F3BE</tstamp>
    </comp>
    <comp ref="FB1">
      <value>74279218</value>
      <footprint>SamacSys_Parts:BEADC3216X130N</footprint>
      <datasheet>https://www.mouser.com/ds/2/445/74279218-538144.pdf</datasheet>
      <fields>
        <field name="Description">SMD EMI Suppression Ferrite Beads WE-CBF</field>
        <field name="Height">1.3</field>
        <field name="Manufacturer_Name">Wurth Elektronik</field>
        <field name="Manufacturer_Part_Number">74279218</field>
        <field name="Mouser Part Number">710-74279218</field>
        <field name="Mouser Price/Stock">https://www.mouser.co.uk/ProductDetail/Wurth-Elektronik/74279218?qs=5twSNpOB8ICwN%252BACnttrcA%3D%3D</field>
      </fields>
      <libsource lib="SamacSys_Parts" part="74279218" description="SMD EMI Suppression Ferrite Beads WE-CBF"/>
      <sheetpath names="/" tstamps="/"/>
      <tstamp>6154F3CC</tstamp>
    </comp>
    <comp ref="IC3">
      <value>MAX3072EASA+</value>
      <footprint>SamacSys_Parts:SOIC127P600X175-8N</footprint>
      <datasheet>https://www.mouser.com/datasheet/2/256/MAX3077E-1389172.pdf</datasheet>
      <fields>
        <field name="Description">Maxim MAX3072EASA+, Line Transceiver, RS-422/ RS-485 4-RX, 3.3 V, 8-Pin SOIC</field>
        <field name="Height">1.75</field>
        <field name="Manufacturer_Name">Maxim Integrated</field>
        <field name="Manufacturer_Part_Number">MAX3072EASA+</field>
        <field name="Mouser Part Number">700-MAX3072EASA</field>
        <field name="Mouser Price/Stock">https://www.mouser.co.uk/ProductDetail/Maxim-Integrated/MAX3072EASA%2b?qs=1THa7WoU59FSZNeNpoTqlw%3D%3D</field>
      </fields>
      <libsource lib="SamacSys_Parts" part="MAX3072EASA+" description="Maxim MAX3072EASA+, Line Transceiver, RS-422/ RS-485 4-RX, 3.3 V, 8-Pin SOIC"/>
      <sheetpath names="/" tstamps="/"/>
      <tstamp>6154F40B</tstamp>
    </comp>
    <comp ref="C11">
      <value>100nF</value>
      <footprint>Capacitor_SMD:C_0402_1005Metric</footprint>
      <datasheet>~</datasheet>
      <libsource lib="Device" part="C_Small" description="Unpolarized capacitor, small symbol"/>
      <sheetpath names="/" tstamps="/"/>
      <tstamp>6154F422</tstamp>
    </comp>
    <comp ref="C12">
      <value>4.7uF</value>
      <footprint>Capacitor_SMD:C_0402_1005Metric</footprint>
      <datasheet>~</datasheet>
      <libsource lib="Device" part="CP1_Small" description="Polarized capacitor, small US symbol"/>
      <sheetpath names="/" tstamps="/"/>
      <tstamp>6154F428</tstamp>
    </comp>
    <comp ref="D5">
      <value>D_TVS</value>
      <footprint>Diode_SMD:D_SOD-323</footprint>
      <datasheet>~</datasheet>
      <libsource lib="Device" part="D_TVS" description="Bidirectional transient-voltage-suppression diode"/>
      <sheetpath names="/" tstamps="/"/>
      <tstamp>6154F434</tstamp>
    </comp>
    <comp ref="FB2">
      <value>74279218</value>
      <footprint>SamacSys_Parts:BEADC3216X130N</footprint>
      <datasheet>https://www.mouser.com/ds/2/445/74279218-538144.pdf</datasheet>
      <fields>
        <field name="Description">SMD EMI Suppression Ferrite Beads WE-CBF</field>
        <field name="Height">1.3</field>
        <field name="Manufacturer_Name">Wurth Elektronik</field>
        <field name="Manufacturer_Part_Number">74279218</field>
        <field name="Mouser Part Number">710-74279218</field>
        <field name="Mouser Price/Stock">https://www.mouser.co.uk/ProductDetail/Wurth-Elektronik/74279218?qs=5twSNpOB8ICwN%252BACnttrcA%3D%3D</field>
      </fields>
      <libsource lib="SamacSys_Parts" part="74279218" description="SMD EMI Suppression Ferrite Beads WE-CBF"/>
      <sheetpath names="/" tstamps="/"/>
      <tstamp>6154F446</tstamp>
    </comp>
    <comp ref="U1">
      <value>PSM712-LF-T7</value>
      <footprint>SamacSys_Parts:PSM712LFT7</footprint>
      <datasheet>https://www.arrow.com/en/products/psm712-lf-t7/protek-devices</datasheet>
      <fields>
        <field name="Arrow Part Number">PSM712-LF-T7</field>
        <field name="Arrow Price/Stock">https://www.arrow.com/en/products/psm712-lf-t7/protek-devices</field>
        <field name="Description">ESD Suppressor TVS Bi-Dir 12V/7V 3-Pin SOT-23 T/R</field>
        <field name="Height">1.21</field>
        <field name="Manufacturer_Name">ProTek Devices</field>
        <field name="Manufacturer_Part_Number">PSM712-LF-T7</field>
      </fields>
      <libsource lib="SamacSys_Parts" part="PSM712-LF-T7" description="ESD Suppressor TVS Bi-Dir 12V/7V 3-Pin SOT-23 T/R"/>
      <sheetpath names="/" tstamps="/"/>
      <tstamp>6154F475</tstamp>
    </comp>
    <comp ref="H1">
      <value>MountingHole</value>
      <footprint>TestPoint:TestPoint_Plated_Hole_D3.0mm</footprint>
      <datasheet>~</datasheet>
      <libsource lib="Mechanical" part="MountingHole" description="Mounting Hole without connection"/>
      <sheetpath names="/" tstamps="/"/>
      <tstamp>6154F496</tstamp>
    </comp>
    <comp ref="H4">
      <value>MountingHole</value>
      <footprint>TestPoint:TestPoint_Plated_Hole_D3.0mm</footprint>
      <datasheet>~</datasheet>
      <libsource lib="Mechanical" part="MountingHole" description="Mounting Hole without connection"/>
      <sheetpath names="/" tstamps="/"/>
      <tstamp>6154F49C</tstamp>
    </comp>
    <comp ref="H2">
      <value>MountingHole</value>
      <footprint>TestPoint:TestPoint_Plated_Hole_D3.0mm</footprint>
      <datasheet>~</datasheet>
      <libsource lib="Mechanical" part="MountingHole" description="Mounting Hole without connection"/>
      <sheetpath names="/" tstamps="/"/>
      <tstamp>6154F4A2</tstamp>
    </comp>
    <comp ref="H3">
      <value>MountingHole</value>
      <footprint>TestPoint:TestPoint_Plated_Hole_D3.0mm</footprint>
      <datasheet>~</datasheet>
      <libsource lib="Mechanical" part="MountingHole" description="Mounting Hole without connection"/>
      <sheetpath names="/" tstamps="/"/>
      <tstamp>6154F4A8</tstamp>
    </comp>
    <comp ref="RT1">
      <value>PRG21BC4R7MM1RA</value>
      <footprint>Snapeda:THRMC2012X110N</footprint>
      <fields>
        <field name="MANUFACTURER">Murata</field>
        <field name="MAXIMUM_PACKAGE_HEIGHT">1.10mm</field>
        <field name="PARTREV">N/A</field>
        <field name="STANDARD">IPC-7351B</field>
      </fields>
      <libsource lib="PRG21BC4R7MM1RA" part="PRG21BC4R7MM1RA" description=""/>
      <sheetpath names="/" tstamps="/"/>
      <tstamp>615D043E</tstamp>
    </comp>
    <comp ref="IC4">
      <value>LTV-206</value>
      <footprint>SamacSys_Parts:SOIC127P610X363-8N</footprint>
      <datasheet>https://media.digikey.com/pdf/Data%20Sheets/Lite-On%20PDFs/LTV-20x.pdf</datasheet>
      <fields>
        <field name="Description">Transistor Output Optocouplers SO8 63-125% 3.75KV 2CH Optocoupler</field>
        <field name="Height">3.63</field>
        <field name="Manufacturer_Name">Lite-On</field>
        <field name="Manufacturer_Part_Number">LTV-206</field>
        <field name="Mouser Part Number">859-LTV-206</field>
        <field name="Mouser Price/Stock">https://www.mouser.co.uk/ProductDetail/Lite-On/LTV-206?qs=9ayhpukWNmuuBqjslh8etg%3D%3D</field>
      </fields>
      <libsource lib="SamacSys_Parts" part="LTV-206" description="Transistor Output Optocouplers SO8 63-125% 3.75KV 2CH Optocoupler"/>
      <sheetpath names="/" tstamps="/"/>
      <tstamp>61651220</tstamp>
    </comp>
    <comp ref="Q1">
      <value>BC547</value>
      <footprint>Package_TO_SOT_SMD:SOT-23</footprint>
      <datasheet>https://www.onsemi.com/pub/Collateral/BC550-D.pdf</datasheet>
      <libsource lib="Transistor_BJT" part="BC547" description="0.1A Ic, 45V Vce, Small Signal NPN Transistor, TO-92"/>
      <sheetpath names="/" tstamps="/"/>
      <tstamp>616790A3</tstamp>
    </comp>
    <comp ref="R6">
      <value>10K</value>
      <footprint>Resistor_SMD:R_0402_1005Metric</footprint>
      <datasheet>~</datasheet>
      <libsource lib="Device" part="R_Small_US" description="Resistor, small US symbol"/>
      <sheetpath names="/" tstamps="/"/>
      <tstamp>6167A74C</tstamp>
    </comp>
    <comp ref="R7">
      <value>10K</value>
      <footprint>Resistor_SMD:R_0402_1005Metric</footprint>
      <datasheet>~</datasheet>
      <libsource lib="Device" part="R_Small_US" description="Resistor, small US symbol"/>
      <sheetpath names="/" tstamps="/"/>
      <tstamp>6167B187</tstamp>
    </comp>
    <comp ref="C13">
      <value>100nF</value>
      <footprint>Capacitor_SMD:C_0402_1005Metric</footprint>
      <datasheet>~</datasheet>
      <libsource lib="Device" part="C_Small" description="Unpolarized capacitor, small symbol"/>
      <sheetpath names="/" tstamps="/"/>
      <tstamp>6167C383</tstamp>
    </comp>
    <comp ref="R8">
      <value>1.2K</value>
      <footprint>Resistor_SMD:R_0402_1005Metric</footprint>
      <datasheet>~</datasheet>
      <libsource lib="Device" part="R_Small_US" description="Resistor, small US symbol"/>
      <sheetpath names="/" tstamps="/"/>
      <tstamp>6167C725</tstamp>
    </comp>
    <comp ref="TP1">
      <value>TestPoint</value>
      <footprint>TestPoint:TestPoint_THTPad_1.0x1.0mm_Drill0.5mm</footprint>
      <datasheet>~</datasheet>
      <libsource lib="Connector" part="TestPoint" description="test point"/>
      <sheetpath names="/" tstamps="/"/>
      <tstamp>616A2B5D</tstamp>
    </comp>
    <comp ref="TP2">
      <value>TestPoint</value>
      <footprint>TestPoint:TestPoint_THTPad_1.0x1.0mm_Drill0.5mm</footprint>
      <datasheet>~</datasheet>
      <libsource lib="Connector" part="TestPoint" description="test point"/>
      <sheetpath names="/" tstamps="/"/>
      <tstamp>616AC7F5</tstamp>
    </comp>
    <comp ref="Q2">
      <value>BC547</value>
      <footprint>Package_TO_SOT_SMD:SOT-23</footprint>
      <datasheet>https://www.onsemi.com/pub/Collateral/BC550-D.pdf</datasheet>
      <libsource lib="Transistor_BJT" part="BC547" description="0.1A Ic, 45V Vce, Small Signal NPN Transistor, TO-92"/>
      <sheetpath names="/" tstamps="/"/>
      <tstamp>617F7E65</tstamp>
    </comp>
    <comp ref="R9">
      <value>10K</value>
      <footprint>Resistor_SMD:R_0402_1005Metric</footprint>
      <datasheet>~</datasheet>
      <libsource lib="Device" part="R_Small_US" description="Resistor, small US symbol"/>
      <sheetpath names="/" tstamps="/"/>
      <tstamp>617F7E6B</tstamp>
    </comp>
    <comp ref="R10">
      <value>10K</value>
      <footprint>Resistor_SMD:R_0402_1005Metric</footprint>
      <datasheet>~</datasheet>
      <libsource lib="Device" part="R_Small_US" description="Resistor, small US symbol"/>
      <sheetpath names="/" tstamps="/"/>
      <tstamp>617F7E71</tstamp>
    </comp>
    <comp ref="C14">
      <value>100nF</value>
      <footprint>Capacitor_SMD:C_0402_1005Metric</footprint>
      <datasheet>~</datasheet>
      <libsource lib="Device" part="C_Small" description="Unpolarized capacitor, small symbol"/>
      <sheetpath names="/" tstamps="/"/>
      <tstamp>617F7E7D</tstamp>
    </comp>
    <comp ref="R11">
      <value>1.2K</value>
      <footprint>Resistor_SMD:R_0402_1005Metric</footprint>
      <datasheet>~</datasheet>
      <libsource lib="Device" part="R_Small_US" description="Resistor, small US symbol"/>
      <sheetpath names="/" tstamps="/"/>
      <tstamp>617F7E83</tstamp>
    </comp>
    <comp ref="TP3">
      <value>TestPoint</value>
      <footprint>TestPoint:TestPoint_THTPad_1.0x1.0mm_Drill0.5mm</footprint>
      <datasheet>~</datasheet>
      <libsource lib="Connector" part="TestPoint" description="test point"/>
      <sheetpath names="/" tstamps="/"/>
      <tstamp>617F7E89</tstamp>
    </comp>
    <comp ref="TP4">
      <value>TestPoint</value>
      <footprint>TestPoint:TestPoint_THTPad_1.0x1.0mm_Drill0.5mm</footprint>
      <datasheet>~</datasheet>
      <libsource lib="Connector" part="TestPoint" description="test point"/>
      <sheetpath names="/" tstamps="/"/>
      <tstamp>617F7E90</tstamp>
    </comp>
    <comp ref="R12">
      <value>1K</value>
      <footprint>Resistor_SMD:R_0402_1005Metric</footprint>
      <datasheet>~</datasheet>
      <libsource lib="Device" part="R_Small_US" description="Resistor, small US symbol"/>
      <sheetpath names="/" tstamps="/"/>
      <tstamp>616F203F</tstamp>
    </comp>
    <comp ref="R13">
      <value>1K</value>
      <footprint>Resistor_SMD:R_0402_1005Metric</footprint>
      <datasheet>~</datasheet>
      <libsource lib="Device" part="R_Small_US" description="Resistor, small US symbol"/>
      <sheetpath names="/" tstamps="/"/>
      <tstamp>6174C1EF</tstamp>
    </comp>
    <comp ref="J1">
      <value>Conn_01x06_Male</value>
      <footprint>Connector_PinSocket_2.54mm:PinSocket_1x06_P2.54mm_Vertical</footprint>
      <datasheet>~</datasheet>
      <libsource lib="Connector" part="Conn_01x06_Male" description="Generic connector, single row, 01x06, script generated (kicad-library-utils/schlib/autogen/connector/)"/>
      <sheetpath names="/" tstamps="/"/>
      <tstamp>61807412</tstamp>
    </comp>
    <comp ref="IC5">
      <value>LTV-206</value>
      <footprint>SamacSys_Parts:SOIC127P610X363-8N</footprint>
      <datasheet>https://media.digikey.com/pdf/Data%20Sheets/Lite-On%20PDFs/LTV-20x.pdf</datasheet>
      <fields>
        <field name="Description">Transistor Output Optocouplers SO8 63-125% 3.75KV 2CH Optocoupler</field>
        <field name="Height">3.63</field>
        <field name="Manufacturer_Name">Lite-On</field>
        <field name="Manufacturer_Part_Number">LTV-206</field>
        <field name="Mouser Part Number">859-LTV-206</field>
        <field name="Mouser Price/Stock">https://www.mouser.co.uk/ProductDetail/Lite-On/LTV-206?qs=9ayhpukWNmuuBqjslh8etg%3D%3D</field>
      </fields>
      <libsource lib="SamacSys_Parts" part="LTV-206" description="Transistor Output Optocouplers SO8 63-125% 3.75KV 2CH Optocoupler"/>
      <sheetpath names="/" tstamps="/"/>
      <tstamp>619DA0F5</tstamp>
    </comp>
    <comp ref="TP5">
      <value>TestPoint</value>
      <footprint>TestPoint:TestPoint_THTPad_1.0x1.0mm_Drill0.5mm</footprint>
      <datasheet>~</datasheet>
      <libsource lib="Connector" part="TestPoint" description="test point"/>
      <sheetpath names="/" tstamps="/"/>
      <tstamp>619DADF9</tstamp>
    </comp>
    <comp ref="TP6">
      <value>TestPoint</value>
      <footprint>TestPoint:TestPoint_THTPad_1.0x1.0mm_Drill0.5mm</footprint>
      <datasheet>~</datasheet>
      <libsource lib="Connector" part="TestPoint" description="test point"/>
      <sheetpath names="/" tstamps="/"/>
      <tstamp>619DBD43</tstamp>
    </comp>
    <comp ref="TP7">
      <value>TestPoint</value>
      <footprint>TestPoint:TestPoint_THTPad_1.0x1.0mm_Drill0.5mm</footprint>
      <datasheet>~</datasheet>
      <libsource lib="Connector" part="TestPoint" description="test point"/>
      <sheetpath names="/" tstamps="/"/>
      <tstamp>619DC069</tstamp>
    </comp>
    <comp ref="TP8">
      <value>TestPoint</value>
      <footprint>TestPoint:TestPoint_THTPad_1.0x1.0mm_Drill0.5mm</footprint>
      <datasheet>~</datasheet>
      <libsource lib="Connector" part="TestPoint" description="test point"/>
      <sheetpath names="/" tstamps="/"/>
      <tstamp>619DC503</tstamp>
    </comp>
    <comp ref="R5">
      <value>330</value>
      <footprint>Resistor_SMD:R_0402_1005Metric</footprint>
      <datasheet>~</datasheet>
      <libsource lib="Device" part="R_Small_US" description="Resistor, small US symbol"/>
      <sheetpath names="/" tstamps="/"/>
      <tstamp>61A8F754</tstamp>
    </comp>
    <comp ref="R4">
      <value>330</value>
      <footprint>Resistor_SMD:R_0402_1005Metric</footprint>
      <datasheet>~</datasheet>
      <libsource lib="Device" part="R_Small_US" description="Resistor, small US symbol"/>
      <sheetpath names="/" tstamps="/"/>
      <tstamp>61A905DE</tstamp>
    </comp>
    <comp ref="TP9">
      <value>TestPoint</value>
      <footprint>TestPoint:TestPoint_THTPad_1.0x1.0mm_Drill0.5mm</footprint>
      <datasheet>~</datasheet>
      <libsource lib="Connector" part="TestPoint" description="test point"/>
      <sheetpath names="/" tstamps="/"/>
      <tstamp>61BB69B9</tstamp>
    </comp>
    <comp ref="TP10">
      <value>TestPoint</value>
      <footprint>TestPoint:TestPoint_THTPad_1.0x1.0mm_Drill0.5mm</footprint>
      <datasheet>~</datasheet>
      <libsource lib="Connector" part="TestPoint" description="test point"/>
      <sheetpath names="/" tstamps="/"/>
      <tstamp>61C0A597</tstamp>
    </comp>
    <comp ref="TP11">
      <value>TestPoint</value>
      <footprint>TestPoint:TestPoint_THTPad_1.0x1.0mm_Drill0.5mm</footprint>
      <datasheet>~</datasheet>
      <libsource lib="Connector" part="TestPoint" description="test point"/>
      <sheetpath names="/" tstamps="/"/>
      <tstamp>61C0A795</tstamp>
    </comp>
    <comp ref="TP12">
      <value>TestPoint</value>
      <footprint>TestPoint:TestPoint_THTPad_1.0x1.0mm_Drill0.5mm</footprint>
      <datasheet>~</datasheet>
      <libsource lib="Connector" part="TestPoint" description="test point"/>
      <sheetpath names="/" tstamps="/"/>
      <tstamp>61C0A9AF</tstamp>
    </comp>
    <comp ref="TP13">
      <value>TestPoint</value>
      <footprint>TestPoint:TestPoint_THTPad_1.0x1.0mm_Drill0.5mm</footprint>
      <datasheet>~</datasheet>
      <libsource lib="Connector" part="TestPoint" description="test point"/>
      <sheetpath names="/" tstamps="/"/>
      <tstamp>61D26577</tstamp>
    </comp>
    <comp ref="TP14">
      <value>TestPoint</value>
      <footprint>TestPoint:TestPoint_THTPad_1.0x1.0mm_Drill0.5mm</footprint>
      <datasheet>~</datasheet>
      <libsource lib="Connector" part="TestPoint" description="test point"/>
      <sheetpath names="/" tstamps="/"/>
      <tstamp>61D2657D</tstamp>
    </comp>
    <comp ref="TP15">
      <value>TestPoint</value>
      <footprint>TestPoint:TestPoint_THTPad_1.0x1.0mm_Drill0.5mm</footprint>
      <datasheet>~</datasheet>
      <libsource lib="Connector" part="TestPoint" description="test point"/>
      <sheetpath names="/" tstamps="/"/>
      <tstamp>61D26583</tstamp>
    </comp>
    <comp ref="TP16">
      <value>TestPoint</value>
      <footprint>TestPoint:TestPoint_THTPad_1.0x1.0mm_Drill0.5mm</footprint>
      <datasheet>~</datasheet>
      <libsource lib="Connector" part="TestPoint" description="test point"/>
      <sheetpath names="/" tstamps="/"/>
      <tstamp>61D26589</tstamp>
    </comp>
    <comp ref="TP17">
      <value>TestPoint</value>
      <footprint>TestPoint:TestPoint_Pad_D1.0mm</footprint>
      <datasheet>~</datasheet>
      <libsource lib="Connector" part="TestPoint" description="test point"/>
      <sheetpath names="/" tstamps="/"/>
      <tstamp>61884AFE</tstamp>
    </comp>
    <comp ref="TP18">
      <value>TestPoint</value>
      <footprint>TestPoint:TestPoint_Pad_D1.0mm</footprint>
      <datasheet>~</datasheet>
      <libsource lib="Connector" part="TestPoint" description="test point"/>
      <sheetpath names="/" tstamps="/"/>
      <tstamp>61885173</tstamp>
    </comp>
    <comp ref="TP19">
      <value>TestPoint</value>
      <footprint>TestPoint:TestPoint_Pad_D1.0mm</footprint>
      <datasheet>~</datasheet>
      <libsource lib="Connector" part="TestPoint" description="test point"/>
      <sheetpath names="/" tstamps="/"/>
      <tstamp>6189647D</tstamp>
    </comp>
  </components>
  <libparts>
    <libpart lib="Connector" part="Conn_01x06_Male">
      <description>Generic connector, single row, 01x06, script generated (kicad-library-utils/schlib/autogen/connector/)</description>
      <docs>~</docs>
      <footprints>
        <fp>Connector*:*_1x??_*</fp>
      </footprints>
      <fields>
        <field name="Reference">J</field>
        <field name="Value">Conn_01x06_Male</field>
      </fields>
      <pins>
        <pin num="1" name="Pin_1" type="passive"/>
        <pin num="2" name="Pin_2" type="passive"/>
        <pin num="3" name="Pin_3" type="passive"/>
        <pin num="4" name="Pin_4" type="passive"/>
        <pin num="5" name="Pin_5" type="passive"/>
        <pin num="6" name="Pin_6" type="passive"/>
      </pins>
    </libpart>
    <libpart lib="Connector" part="TestPoint">
      <description>test point</description>
      <docs>~</docs>
      <footprints>
        <fp>Pin*</fp>
        <fp>Test*</fp>
      </footprints>
      <fields>
        <field name="Reference">TP</field>
        <field name="Value">TestPoint</field>
      </fields>
      <pins>
        <pin num="1" name="1" type="passive"/>
      </pins>
    </libpart>
    <libpart lib="Device" part="C">
      <description>Unpolarized capacitor</description>
      <docs>~</docs>
      <footprints>
        <fp>C_*</fp>
      </footprints>
      <fields>
        <field name="Reference">C</field>
        <field name="Value">C</field>
      </fields>
      <pins>
        <pin num="1" name="~" type="passive"/>
        <pin num="2" name="~" type="passive"/>
      </pins>
    </libpart>
    <libpart lib="Device" part="CP1_Small">
      <description>Polarized capacitor, small US symbol</description>
      <docs>~</docs>
      <footprints>
        <fp>CP_*</fp>
      </footprints>
      <fields>
        <field name="Reference">C</field>
        <field name="Value">CP1_Small</field>
      </fields>
      <pins>
        <pin num="1" name="~" type="passive"/>
        <pin num="2" name="~" type="passive"/>
      </pins>
    </libpart>
    <libpart lib="Device" part="C_Small">
      <description>Unpolarized capacitor, small symbol</description>
      <docs>~</docs>
      <footprints>
        <fp>C_*</fp>
      </footprints>
      <fields>
        <field name="Reference">C</field>
        <field name="Value">C_Small</field>
      </fields>
      <pins>
        <pin num="1" name="~" type="passive"/>
        <pin num="2" name="~" type="passive"/>
      </pins>
    </libpart>
    <libpart lib="Device" part="Crystal">
      <description>Two pin crystal</description>
      <docs>~</docs>
      <footprints>
        <fp>Crystal*</fp>
      </footprints>
      <fields>
        <field name="Reference">Y</field>
        <field name="Value">Crystal</field>
      </fields>
      <pins>
        <pin num="1" name="1" type="passive"/>
        <pin num="2" name="2" type="passive"/>
      </pins>
    </libpart>
    <libpart lib="Device" part="D">
      <description>Diode</description>
      <docs>~</docs>
      <footprints>
        <fp>TO-???*</fp>
        <fp>*_Diode_*</fp>
        <fp>*SingleDiode*</fp>
        <fp>D_*</fp>
      </footprints>
      <fields>
        <field name="Reference">D</field>
        <field name="Value">D</field>
      </fields>
      <pins>
        <pin num="1" name="K" type="passive"/>
        <pin num="2" name="A" type="passive"/>
      </pins>
    </libpart>
    <libpart lib="Device" part="D_TVS">
      <description>Bidirectional transient-voltage-suppression diode</description>
      <docs>~</docs>
      <footprints>
        <fp>TO-???*</fp>
        <fp>*_Diode_*</fp>
        <fp>*SingleDiode*</fp>
        <fp>D_*</fp>
      </footprints>
      <fields>
        <field name="Reference">D</field>
        <field name="Value">D_TVS</field>
      </fields>
      <pins>
        <pin num="1" name="A1" type="passive"/>
        <pin num="2" name="A2" type="passive"/>
      </pins>
    </libpart>
    <libpart lib="Device" part="D_Zener">
      <description>Zener diode</description>
      <docs>~</docs>
      <footprints>
        <fp>TO-???*</fp>
        <fp>*_Diode_*</fp>
        <fp>*SingleDiode*</fp>
        <fp>D_*</fp>
      </footprints>
      <fields>
        <field name="Reference">D</field>
        <field name="Value">D_Zener</field>
      </fields>
      <pins>
        <pin num="1" name="K" type="passive"/>
        <pin num="2" name="A" type="passive"/>
      </pins>
    </libpart>
    <libpart lib="Device" part="L_Small">
      <description>Inductor, small symbol</description>
      <docs>~</docs>
      <footprints>
        <fp>Choke_*</fp>
        <fp>*Coil*</fp>
        <fp>Inductor_*</fp>
        <fp>L_*</fp>
      </footprints>
      <fields>
        <field name="Reference">L</field>
        <field name="Value">L_Small</field>
      </fields>
      <pins>
        <pin num="1" name="~" type="passive"/>
        <pin num="2" name="~" type="passive"/>
      </pins>
    </libpart>
    <libpart lib="Device" part="R_Small_US">
      <description>Resistor, small US symbol</description>
      <docs>~</docs>
      <footprints>
        <fp>R_*</fp>
      </footprints>
      <fields>
        <field name="Reference">R</field>
        <field name="Value">R_Small_US</field>
      </fields>
      <pins>
        <pin num="1" name="~" type="passive"/>
        <pin num="2" name="~" type="passive"/>
      </pins>
    </libpart>
    <libpart lib="Device" part="Varistor">
      <description>Voltage dependent resistor</description>
      <docs>~</docs>
      <footprints>
        <fp>RV_*</fp>
        <fp>Varistor*</fp>
      </footprints>
      <fields>
        <field name="Reference">RV</field>
        <field name="Value">Varistor</field>
      </fields>
      <pins>
        <pin num="1" name="~" type="passive"/>
        <pin num="2" name="~" type="passive"/>
      </pins>
    </libpart>
    <libpart lib="Mechanical" part="MountingHole">
      <description>Mounting Hole without connection</description>
      <docs>~</docs>
      <footprints>
        <fp>MountingHole*</fp>
      </footprints>
      <fields>
        <field name="Reference">H</field>
        <field name="Value">MountingHole</field>
      </fields>
    </libpart>
    <libpart lib="PRG21BC4R7MM1RA" part="PRG21BC4R7MM1RA">
      <fields>
        <field name="Reference">RT</field>
        <field name="Value">PRG21BC4R7MM1RA</field>
        <field name="Footprint">THRMC2012X110N</field>
        <field name="PARTREV">N/A</field>
        <field name="MAXIMUM_PACKAGE_HEIGHT">1.10mm</field>
        <field name="STANDARD">IPC-7351B</field>
        <field name="MANUFACTURER">Murata</field>
      </fields>
      <pins>
        <pin num="1" name="~" type="passive"/>
        <pin num="2" name="~" type="passive"/>
      </pins>
    </libpart>
    <libpart lib="SamacSys_Parts" part="74279218">
      <description>SMD EMI Suppression Ferrite Beads WE-CBF</description>
      <docs>https://www.mouser.com/ds/2/445/74279218-538144.pdf</docs>
      <fields>
        <field name="Reference">FB</field>
        <field name="Value">74279218</field>
        <field name="Footprint">BEADC3216X130N</field>
        <field name="Datasheet">https://www.mouser.com/ds/2/445/74279218-538144.pdf</field>
        <field name="Description">SMD EMI Suppression Ferrite Beads WE-CBF</field>
        <field name="Height">1.3</field>
        <field name="Manufacturer_Name">Wurth Elektronik</field>
        <field name="Manufacturer_Part_Number">74279218</field>
        <field name="Mouser Part Number">710-74279218</field>
        <field name="Mouser Price/Stock">https://www.mouser.co.uk/ProductDetail/Wurth-Elektronik/74279218?qs=5twSNpOB8ICwN%252BACnttrcA%3D%3D</field>
      </fields>
      <pins>
        <pin num="1" name="1" type="passive"/>
        <pin num="2" name="2" type="passive"/>
      </pins>
    </libpart>
    <libpart lib="SamacSys_Parts" part="ATMEGA328PB-AN">
      <description>MCU 8-bit ATmega AVR RISC 32KB Flash 2.5V/3.3V/5V 32-Pin TQFP Tray</description>
      <docs>http://ww1.microchip.com/downloads/en/DeviceDoc/40001906C.pdf</docs>
      <fields>
        <field name="Reference">IC</field>
        <field name="Value">ATMEGA328PB-AN</field>
        <field name="Footprint">QFP80P900X900X120-32N</field>
        <field name="Datasheet">http://ww1.microchip.com/downloads/en/DeviceDoc/40001906C.pdf</field>
        <field name="Description">MCU 8-bit ATmega AVR RISC 32KB Flash 2.5V/3.3V/5V 32-Pin TQFP Tray</field>
        <field name="Height">1.2</field>
        <field name="Manufacturer_Name">Microchip</field>
        <field name="Manufacturer_Part_Number">ATMEGA328PB-AN</field>
        <field name="Mouser Part Number">556-ATMEGA328PB-AN</field>
        <field name="Mouser Price/Stock">https://www.mouser.co.uk/ProductDetail/Microchip-Technology-Atmel/ATMEGA328PB-AN?qs=jy4bLUHv09gDoS2J01KCIw%3D%3D</field>
        <field name="Arrow Part Number">ATMEGA328PB-AN</field>
        <field name="Arrow Price/Stock">https://www.arrow.com/en/products/atmega328pb-an/microchip-technology?region=nac</field>
      </fields>
      <pins>
        <pin num="1" name="(OC2B/INT1/PTCXY)_PD3" type="passive"/>
        <pin num="2" name="(XCK0/T0/PTCXY)_PD4" type="passive"/>
        <pin num="3" name="(SDA1/ICP4/ACO/PTCXY)_PE0" type="passive"/>
        <pin num="4" name="VCC" type="passive"/>
        <pin num="5" name="GND_1" type="passive"/>
        <pin num="6" name="(SCL1/T4/PTCXY)_PE1" type="passive"/>
        <pin num="7" name="(XTAL1/TOSC1)_PB6" type="passive"/>
        <pin num="8" name="(XTAL2/TOSC2)_PB7" type="passive"/>
        <pin num="9" name="(OC0B/T1/PTCXY)_PD5" type="passive"/>
        <pin num="10" name="(OC0A/PTCXY/AIN0)_PD6" type="passive"/>
        <pin num="11" name="(PTCXY/AIN1)_PD7" type="passive"/>
        <pin num="12" name="(ICP1/CLKO/PTCXY)_PB0" type="passive"/>
        <pin num="13" name="(OC1A/PTCXY)_PB1" type="passive"/>
        <pin num="14" name="(~SS0~/OC1B/PTCXY)_PB2" type="passive"/>
        <pin num="15" name="(MOSI0/TXD1/OC2A/PTCXY)_PB3" type="passive"/>
        <pin num="16" name="(MISO0/RXD1/PTCXY)_PB4" type="passive"/>
        <pin num="17" name="PB5_(PTCXY/XCK1/SCK0)" type="passive"/>
        <pin num="18" name="AVCC" type="passive"/>
        <pin num="19" name="PE2_(ADC6/PTCY/ICP3/SS1)" type="passive"/>
        <pin num="20" name="AREF" type="passive"/>
        <pin num="21" name="GND_2" type="passive"/>
        <pin num="22" name="PE3_(ADC7/PTCY/T3/MOSI1)" type="passive"/>
        <pin num="23" name="PC0_(ADC0/PTCY/MISO1)" type="passive"/>
        <pin num="24" name="PC1_(ADC1/PTCY/SCK1)" type="passive"/>
        <pin num="25" name="PC2_(ADC2/PTCY)" type="passive"/>
        <pin num="26" name="PC3_(ADC3/PTCY)" type="passive"/>
        <pin num="27" name="PC4_(ADC4/PTCY/SDA0)" type="passive"/>
        <pin num="28" name="PC5_(ADC5/PTCY/SCL0)" type="passive"/>
        <pin num="29" name="PC6_(~RESET)" type="passive"/>
        <pin num="30" name="PD0_(PTCXY/OC3A/RXD0)" type="passive"/>
        <pin num="31" name="PD1_(PTCXY/OC4A/TXD0)" type="passive"/>
        <pin num="32" name="PD2_(PTCXY/INT0/OC3B/OC4B)" type="passive"/>
      </pins>
    </libpart>
    <libpart lib="SamacSys_Parts" part="B5819W-TP">
      <description>Schottky Diodes &amp; Rectifiers 1A, 40V</description>
      <docs>https://www.mccsemi.com/pdf/Products/B5817W-B5819W(SOD-123).pdf</docs>
      <fields>
        <field name="Reference">D</field>
        <field name="Value">B5819W-TP</field>
        <field name="Footprint">SOD3716X135N</field>
        <field name="Datasheet">https://www.mccsemi.com/pdf/Products/B5817W-B5819W(SOD-123).pdf</field>
        <field name="Description">Schottky Diodes &amp; Rectifiers 1A, 40V</field>
        <field name="Height">1.35</field>
        <field name="Manufacturer_Name">Micro Commercial Components (MCC)</field>
        <field name="Manufacturer_Part_Number">B5819W-TP</field>
        <field name="Mouser Part Number">833-B5819W-TP</field>
        <field name="Mouser Price/Stock">https://www.mouser.co.uk/ProductDetail/Micro-Commercial-Components-MCC/B5819W-TP?qs=JeAkOuORR2UynazlTTFg%252BA%3D%3D</field>
        <field name="Arrow Part Number">B5819W-TP</field>
        <field name="Arrow Price/Stock">https://www.arrow.com/en/products/b5819w-tp/micro-commercial-components</field>
      </fields>
      <pins>
        <pin num="1" name="~" type="passive"/>
        <pin num="2" name="~" type="passive"/>
      </pins>
    </libpart>
    <libpart lib="SamacSys_Parts" part="LTV-206">
      <description>Transistor Output Optocouplers SO8 63-125% 3.75KV 2CH Optocoupler</description>
      <docs>https://media.digikey.com/pdf/Data%20Sheets/Lite-On%20PDFs/LTV-20x.pdf</docs>
      <fields>
        <field name="Reference">IC</field>
        <field name="Value">LTV-206</field>
        <field name="Footprint">SOIC127P610X363-8N</field>
        <field name="Datasheet">https://media.digikey.com/pdf/Data%20Sheets/Lite-On%20PDFs/LTV-20x.pdf</field>
        <field name="Description">Transistor Output Optocouplers SO8 63-125% 3.75KV 2CH Optocoupler</field>
        <field name="Height">3.63</field>
        <field name="Manufacturer_Name">Lite-On</field>
        <field name="Manufacturer_Part_Number">LTV-206</field>
        <field name="Mouser Part Number">859-LTV-206</field>
        <field name="Mouser Price/Stock">https://www.mouser.co.uk/ProductDetail/Lite-On/LTV-206?qs=9ayhpukWNmuuBqjslh8etg%3D%3D</field>
      </fields>
      <pins>
        <pin num="1" name="ANODE_1" type="passive"/>
        <pin num="2" name="CATHODE_1" type="passive"/>
        <pin num="3" name="ANODE_2" type="passive"/>
        <pin num="4" name="CATHODE_2" type="passive"/>
        <pin num="5" name="EMITTER_1" type="passive"/>
        <pin num="6" name="COLLECTOR_1" type="passive"/>
        <pin num="7" name="EMITTER_2" type="passive"/>
        <pin num="8" name="COLLECTOR_2" type="passive"/>
      </pins>
    </libpart>
    <libpart lib="SamacSys_Parts" part="MAX3072EASA+">
      <description>Maxim MAX3072EASA+, Line Transceiver, RS-422/ RS-485 4-RX, 3.3 V, 8-Pin SOIC</description>
      <docs>https://www.mouser.com/datasheet/2/256/MAX3077E-1389172.pdf</docs>
      <fields>
        <field name="Reference">IC</field>
        <field name="Value">MAX3072EASA+</field>
        <field name="Footprint">SOIC127P600X175-8N</field>
        <field name="Datasheet">https://www.mouser.com/datasheet/2/256/MAX3077E-1389172.pdf</field>
        <field name="Description">Maxim MAX3072EASA+, Line Transceiver, RS-422/ RS-485 4-RX, 3.3 V, 8-Pin SOIC</field>
        <field name="Height">1.75</field>
        <field name="Manufacturer_Name">Maxim Integrated</field>
        <field name="Manufacturer_Part_Number">MAX3072EASA+</field>
        <field name="Mouser Part Number">700-MAX3072EASA</field>
        <field name="Mouser Price/Stock">https://www.mouser.co.uk/ProductDetail/Maxim-Integrated/MAX3072EASA%2b?qs=1THa7WoU59FSZNeNpoTqlw%3D%3D</field>
      </fields>
      <pins>
        <pin num="1" name="RO" type="passive"/>
        <pin num="2" name="~RE" type="passive"/>
        <pin num="3" name="DE" type="passive"/>
        <pin num="4" name="DI" type="passive"/>
        <pin num="5" name="GND" type="passive"/>
        <pin num="6" name="A" type="passive"/>
        <pin num="7" name="B" type="passive"/>
        <pin num="8" name="VCC" type="passive"/>
      </pins>
    </libpart>
    <libpart lib="SamacSys_Parts" part="PSM712-LF-T7">
      <description>ESD Suppressor TVS Bi-Dir 12V/7V 3-Pin SOT-23 T/R</description>
      <docs>https://www.arrow.com/en/products/psm712-lf-t7/protek-devices</docs>
      <fields>
        <field name="Reference">IC</field>
        <field name="Value">PSM712-LF-T7</field>
        <field name="Footprint">PSM712LFT7</field>
        <field name="Datasheet">https://www.arrow.com/en/products/psm712-lf-t7/protek-devices</field>
        <field name="Description">ESD Suppressor TVS Bi-Dir 12V/7V 3-Pin SOT-23 T/R</field>
        <field name="Height">1.21</field>
        <field name="Manufacturer_Name">ProTek Devices</field>
        <field name="Manufacturer_Part_Number">PSM712-LF-T7</field>
        <field name="Arrow Part Number">PSM712-LF-T7</field>
        <field name="Arrow Price/Stock">https://www.arrow.com/en/products/psm712-lf-t7/protek-devices</field>
      </fields>
      <pins>
        <pin num="1" name="I/O_1" type="passive"/>
        <pin num="2" name="I/O_2" type="passive"/>
        <pin num="3" name="GND" type="passive"/>
      </pins>
    </libpart>
    <libpart lib="SamacSys_Parts" part="TPS7B6933QDCYRQ1">
      <description>Automotive high-voltage ultra-low-IQ low-dropout (LDO) regulator</description>
      <docs>http://www.ti.com/lit/gpn/tps7b69-q1</docs>
      <fields>
        <field name="Reference">IC</field>
        <field name="Value">TPS7B6933QDCYRQ1</field>
        <field name="Footprint">SOT230P700X180-4N</field>
        <field name="Datasheet">http://www.ti.com/lit/gpn/tps7b69-q1</field>
        <field name="Description">Automotive high-voltage ultra-low-IQ low-dropout (LDO) regulator</field>
        <field name="Height">1.8</field>
        <field name="Manufacturer_Name">Texas Instruments</field>
        <field name="Manufacturer_Part_Number">TPS7B6933QDCYRQ1</field>
        <field name="Mouser Part Number">595-TPS7B6933QDCYRQ1</field>
        <field name="Mouser Price/Stock">https://www.mouser.co.uk/ProductDetail/Texas-Instruments/TPS7B6933QDCYRQ1?qs=n7vHx8wJlDFhZtwB3Bp8yQ%3D%3D</field>
        <field name="Arrow Part Number">TPS7B6933QDCYRQ1</field>
        <field name="Arrow Price/Stock">https://www.arrow.com/en/products/tps7b6933qdcyrq1/texas-instruments?region=nac</field>
      </fields>
      <pins>
        <pin num="1" name="IN" type="passive"/>
        <pin num="2" name="GND_1" type="passive"/>
        <pin num="3" name="OUT" type="passive"/>
        <pin num="4" name="GND_2" type="passive"/>
      </pins>
    </libpart>
    <libpart lib="Transistor_BJT" part="BC547">
      <aliases>
        <alias>BC546</alias>
        <alias>BC548</alias>
        <alias>BC549</alias>
        <alias>BC550</alias>
        <alias>BC337</alias>
        <alias>BC338</alias>
      </aliases>
      <description>0.1A Ic, 45V Vce, Small Signal NPN Transistor, TO-92</description>
      <docs>https://www.onsemi.com/pub/Collateral/BC550-D.pdf</docs>
      <footprints>
        <fp>TO?92*</fp>
      </footprints>
      <fields>
        <field name="Reference">Q</field>
        <field name="Value">BC547</field>
        <field name="Footprint">Package_TO_SOT_THT:TO-92_Inline</field>
      </fields>
      <pins>
        <pin num="1" name="C" type="passive"/>
        <pin num="2" name="B" type="input"/>
        <pin num="3" name="E" type="passive"/>
      </pins>
    </libpart>
  </libparts>
  <libraries>
    <library logical="Connector">
      <uri>C:\Program Files\KiCad\share\kicad\library/Connector.lib</uri>
    </library>
    <library logical="Device">
      <uri>C:\Program Files\KiCad\share\kicad\library/Device.lib</uri>
    </library>
    <library logical="Mechanical">
      <uri>C:\Program Files\KiCad\share\kicad\library/Mechanical.lib</uri>
    </library>
    <library logical="PRG21BC4R7MM1RA">
      <uri>C:/Users/ashta/Downloads/PRG21BC4R7MM1RA.lib</uri>
    </library>
    <library logical="SamacSys_Parts">
      <uri>S:/KiCAD/Custom libraries/SamacSys_Parts.lib</uri>
    </library>
    <library logical="Transistor_BJT">
      <uri>C:\Program Files\KiCad\share\kicad\library/Transistor_BJT.lib</uri>
    </library>
  </libraries>
  <nets>
    <net code="1" name="+3V3">
      <node ref="IC5" pin="3"/>
      <node ref="R12" pin="1"/>
      <node ref="R13" pin="1"/>
      <node ref="IC5" pin="1"/>
      <node ref="J1" pin="2"/>
      <node ref="D1" pin="1"/>
      <node ref="R9" pin="1"/>
      <node ref="FB2" pin="2"/>
      <node ref="L1" pin="1"/>
      <node ref="IC2" pin="3"/>
      <node ref="C10" pin="1"/>
      <node ref="R1" pin="1"/>
      <node ref="C3" pin="1"/>
      <node ref="C2" pin="1"/>
      <node ref="R2" pin="1"/>
      <node ref="IC1" pin="4"/>
      <node ref="R6" pin="1"/>
      <node ref="R11" pin="2"/>
      <node ref="R8" pin="2"/>
    </net>
    <net code="2" name="A1">
      <node ref="R8" pin="1"/>
      <node ref="IC4" pin="1"/>
    </net>
    <net code="3" name="Net-(C13-Pad1)">
      <node ref="C13" pin="1"/>
      <node ref="Q1" pin="2"/>
      <node ref="R6" pin="2"/>
      <node ref="R7" pin="1"/>
      <node ref="TP1" pin="1"/>
    </net>
    <net code="4" name="C2">
      <node ref="IC4" pin="4"/>
      <node ref="Q2" pin="1"/>
    </net>
    <net code="5" name="A2">
      <node ref="IC4" pin="3"/>
      <node ref="R11" pin="1"/>
    </net>
    <net code="6" name="GND">
      <node ref="IC1" pin="5"/>
      <node ref="C7" pin="2"/>
      <node ref="C6" pin="2"/>
      <node ref="C13" pin="2"/>
      <node ref="IC1" pin="21"/>
      <node ref="TP15" pin="1"/>
      <node ref="R7" pin="2"/>
      <node ref="C1" pin="2"/>
      <node ref="D2" pin="2"/>
      <node ref="C14" pin="2"/>
      <node ref="TP4" pin="1"/>
      <node ref="J1" pin="6"/>
      <node ref="TP2" pin="1"/>
      <node ref="C2" pin="2"/>
      <node ref="C3" pin="2"/>
      <node ref="R10" pin="2"/>
      <node ref="IC4" pin="7"/>
      <node ref="IC2" pin="2"/>
      <node ref="IC4" pin="5"/>
      <node ref="U1" pin="3"/>
      <node ref="C5" pin="2"/>
      <node ref="Q2" pin="3"/>
      <node ref="C10" pin="2"/>
      <node ref="IC2" pin="4"/>
      <node ref="C9" pin="2"/>
      <node ref="C8" pin="2"/>
      <node ref="RV1" pin="2"/>
      <node ref="D4" pin="2"/>
      <node ref="C4" pin="1"/>
      <node ref="Q1" pin="3"/>
      <node ref="IC3" pin="5"/>
      <node ref="R14" pin="2"/>
      <node ref="C12" pin="2"/>
      <node ref="C11" pin="2"/>
      <node ref="TP11" pin="1"/>
    </net>
    <net code="7" name="Net-(C14-Pad1)">
      <node ref="R9" pin="2"/>
      <node ref="C14" pin="1"/>
      <node ref="TP3" pin="1"/>
      <node ref="Q2" pin="2"/>
      <node ref="R10" pin="1"/>
    </net>
    <net code="8" name="/Data_A">
      <node ref="IC3" pin="6"/>
      <node ref="D5" pin="2"/>
      <node ref="TP9" pin="1"/>
      <node ref="TP13" pin="1"/>
      <node ref="U1" pin="1"/>
    </net>
    <net code="9" name="Net-(C11-Pad1)">
      <node ref="C11" pin="1"/>
      <node ref="C12" pin="1"/>
      <node ref="IC3" pin="8"/>
      <node ref="FB2" pin="1"/>
    </net>
    <net code="10" name="/Data_B">
      <node ref="TP14" pin="1"/>
      <node ref="TP10" pin="1"/>
      <node ref="D5" pin="1"/>
      <node ref="IC3" pin="7"/>
      <node ref="U1" pin="2"/>
    </net>
    <net code="11" name="Net-(D3-Pad2)">
      <node ref="D3" pin="2"/>
      <node ref="RT1" pin="2"/>
    </net>
    <net code="12" name="+12V">
      <node ref="RT1" pin="1"/>
      <node ref="TP12" pin="1"/>
      <node ref="TP16" pin="1"/>
    </net>
    <net code="13" name="C1">
      <node ref="IC4" pin="2"/>
      <node ref="Q1" pin="1"/>
    </net>
    <net code="14" name="/IN2">
      <node ref="IC4" pin="6"/>
      <node ref="R13" pin="2"/>
    </net>
    <net code="15" name="Net-(IC5-Pad4)">
      <node ref="IC5" pin="4"/>
      <node ref="R4" pin="2"/>
    </net>
    <net code="16" name="Net-(IC5-Pad2)">
      <node ref="R5" pin="2"/>
      <node ref="IC5" pin="2"/>
    </net>
    <net code="17" name="/OUT2">
      <node ref="R4" pin="1"/>
    </net>
    <net code="18" name="/OUT1">
      <node ref="R5" pin="1"/>
    </net>
    <net code="19" name="Net-(IC5-Pad6)">
      <node ref="IC5" pin="6"/>
      <node ref="TP7" pin="1"/>
    </net>
    <net code="20" name="Net-(IC5-Pad5)">
      <node ref="TP8" pin="1"/>
      <node ref="IC5" pin="5"/>
    </net>
    <net code="21" name="Net-(IC5-Pad8)">
      <node ref="IC5" pin="8"/>
      <node ref="TP5" pin="1"/>
    </net>
    <net code="22" name="Net-(IC5-Pad7)">
      <node ref="IC5" pin="7"/>
      <node ref="TP6" pin="1"/>
    </net>
    <net code="23" name="Net-(IC1-Pad6)">
      <node ref="IC1" pin="6"/>
    </net>
    <net code="24" name="Net-(IC1-Pad3)">
      <node ref="IC1" pin="3"/>
    </net>
    <net code="25" name="/RXD">
      <node ref="IC1" pin="30"/>
      <node ref="R2" pin="2"/>
      <node ref="IC3" pin="1"/>
      <node ref="TP17" pin="1"/>
    </net>
    <net code="26" name="/TXD">
      <node ref="IC1" pin="31"/>
      <node ref="IC3" pin="4"/>
      <node ref="TP18" pin="1"/>
    </net>
    <net code="27" name="/MAX_EN">
      <node ref="IC3" pin="3"/>
      <node ref="TP19" pin="1"/>
      <node ref="IC1" pin="27"/>
      <node ref="IC3" pin="2"/>
    </net>
    <net code="28" name="/IN1">
      <node ref="IC4" pin="8"/>
      <node ref="R12" pin="2"/>
    </net>
    <net code="29" name="/MISO">
      <node ref="J1" pin="1"/>
      <node ref="IC1" pin="16"/>
    </net>
    <net code="30" name="/SCK">
      <node ref="IC1" pin="17"/>
      <node ref="J1" pin="3"/>
    </net>
    <net code="31" name="/RSB">
      <node ref="C1" pin="1"/>
      <node ref="IC1" pin="29"/>
      <node ref="D1" pin="2"/>
      <node ref="D2" pin="1"/>
      <node ref="R1" pin="2"/>
      <node ref="J1" pin="5"/>
    </net>
    <net code="32" name="/Vin">
      <node ref="IC1" pin="22"/>
      <node ref="R3" pin="2"/>
      <node ref="R14" pin="1"/>
    </net>
    <net code="33" name="Net-(IC1-Pad19)">
      <node ref="IC1" pin="19"/>
    </net>
    <net code="34" name="Net-(IC1-Pad23)">
      <node ref="IC1" pin="23"/>
    </net>
    <net code="35" name="Net-(IC1-Pad32)">
      <node ref="IC1" pin="32"/>
    </net>
    <net code="36" name="Net-(IC1-Pad28)">
      <node ref="IC1" pin="28"/>
    </net>
    <net code="37" name="Net-(IC1-Pad26)">
      <node ref="IC1" pin="26"/>
    </net>
    <net code="38" name="Net-(IC1-Pad25)">
      <node ref="IC1" pin="25"/>
    </net>
    <net code="39" name="Net-(IC1-Pad24)">
      <node ref="IC1" pin="24"/>
    </net>
    <net code="40" name="Net-(C5-Pad1)">
      <node ref="C5" pin="1"/>
      <node ref="IC1" pin="18"/>
      <node ref="L1" pin="2"/>
    </net>
    <net code="41" name="/MOSI">
      <node ref="IC1" pin="15"/>
      <node ref="J1" pin="4"/>
    </net>
    <net code="42" name="Net-(IC1-Pad1)">
      <node ref="IC1" pin="1"/>
    </net>
    <net code="43" name="Net-(IC1-Pad2)">
      <node ref="IC1" pin="2"/>
    </net>
    <net code="44" name="Net-(IC1-Pad9)">
      <node ref="IC1" pin="9"/>
    </net>
    <net code="45" name="Net-(IC1-Pad10)">
      <node ref="IC1" pin="10"/>
    </net>
    <net code="46" name="Net-(IC1-Pad11)">
      <node ref="IC1" pin="11"/>
    </net>
    <net code="47" name="Net-(IC1-Pad12)">
      <node ref="IC1" pin="12"/>
    </net>
    <net code="48" name="Net-(IC1-Pad13)">
      <node ref="IC1" pin="13"/>
    </net>
    <net code="49" name="Net-(IC1-Pad14)">
      <node ref="IC1" pin="14"/>
    </net>
    <net code="50" name="Net-(C6-Pad1)">
      <node ref="Y1" pin="1"/>
      <node ref="IC1" pin="7"/>
      <node ref="C6" pin="1"/>
    </net>
    <net code="51" name="Net-(C7-Pad1)">
      <node ref="C7" pin="1"/>
      <node ref="Y1" pin="2"/>
      <node ref="IC1" pin="8"/>
    </net>
    <net code="52" name="Net-(D3-Pad1)">
      <node ref="D4" pin="1"/>
      <node ref="FB1" pin="1"/>
      <node ref="RV1" pin="1"/>
      <node ref="D3" pin="1"/>
    </net>
    <net code="53" name="Net-(C8-Pad1)">
      <node ref="IC2" pin="1"/>
      <node ref="FB1" pin="2"/>
      <node ref="C8" pin="1"/>
      <node ref="C9" pin="1"/>
      <node ref="R3" pin="1"/>
    </net>
    <net code="54" name="Net-(C4-Pad2)">
      <node ref="C4" pin="2"/>
      <node ref="IC1" pin="20"/>
    </net>
  </nets>
</export>
